{"cameraMode":{"drawMode":0,"name":"Shaded","section":"Shading Mode"},"sceneLighting":true,"audioPlay":false,"sceneViewState":{"m_AlwaysRefresh":false,"showFog":true,"showSkybox":true,"showFlares":true,"showImageEffects":true,"showParticleSystems":true,"showVisualEffectGraphs":true,"m_FxEnabled":false},"in2DMode":false,"pivot":{"x":2.5770702362060549,"y":-1.024402379989624,"z":41.315704345703128},"rotation":{"x":-0.010495084337890149,"y":-0.029993850737810136,"z":-0.00031494267750531435,"w":0.9994950890541077},"size":6.390542984008789,"orthographic":true}