{"cameraMode":{"drawMode":0,"name":"Shaded","section":"Shading Mode"},"sceneLighting":false,"audioPlay":false,"sceneViewState":{"m_AlwaysRefresh":false,"showFog":true,"showSkybox":false,"showFlares":true,"showImageEffects":true,"showParticleSystems":true,"showVisualEffectGraphs":true,"m_FxEnabled":true},"in2DMode":false,"pivot":{"x":114.8703842163086,"y":231.7397003173828,"z":46.3450927734375},"rotation":{"x":0.020886089652776719,"y":-0.1032925620675087,"z":0.002169468440115452,"w":0.9944295287132263},"size":174.09971618652345,"orthographic":true}